id,name,วัสดุ,วัสดุที่ใช้คำนวนค่าแรง,markup,กว้าง,ยาว,หนา,มูลค่าต้นทุน,ราคาขาย,ความเร็วตัดงาน,ความเร็วระหว่างจุด,เวลาเจาะงาน,gas,pressure,nozzle diameter,corner valid,corner length,corner speed,corner cooling time,corner beam on time,evade,start time valid,start time length,start time speed,start cooling time,start beam on time,salary,man count,man work hour,factory rate,machine cost,machine count,machine work hour,consumable part MTN cost,laser gas cost,laser gas power,electric unit cost,power,rate of operation
1,SS400-1.2x2.4T1.2,เหล็กแผ่นดำ SS400,SECC/SPCC-1.2mm,1.3,1220,2440,1.2,798,887,5300,48000,0.3,O2,3.5,1,1,0.5,300,0,0,30,1,2,500,0,0.3,10000,3,8,0,500000,1,8,150000,10000,0,3.5,2700,100
2,SS400-1.2x2.4T1.5,เหล็กแผ่นดำ SS400,SECC/SPCC-1.6mm,1.3,1220,2440,1.5,968,1076,5000,48000,0.3,O2,3.5,1,0,0.5,300,0,0,30,1,2,500,0,0.3,10000,3,8,0,500000,1,8,150000,10000,0,3.5,2700,100
3,SS400-1.2x2.4T2.0,เหล็กแผ่นดำ SS400,SECC/SPCC-2.0mm,1.3,1220,2440,2,1222,1358,4500,48000,0.4,O2,3.5,1,0,1,200,0,0,30,1,2,350,0,0.3,10000,3,8,0,500000,1,8,150000,10000,0,3.5,2700,100
4,SS400-1.5x3.0T2.0,เหล็กแผ่นดำ SS400,SECC/SPCC-2.0mm,1.3,1500,3000,2,2243,2493,4500,48000,0.4,O2,3.5,1,0,1,200,0,0,30,1,2,350,0,0.3,10000,3,8,0,500000,1,8,150000,10000,0,3.5,2700,100
5,SS400-1.2x2.4T3.0,เหล็กแผ่นดำ SS400,SECC/SPCC-3.2mm,1.3,1220,2440,3,1821,2024,3600,48000,0.5,O2,0.6,1,0,1,150,0,0,30,1,2,400,0,0.3,10000,3,8,0,500000,1,8,150000,10000,0,3.5,2700,100
6,SS400-1.5x3.0T3.0,เหล็กแผ่นดำ SS400,SECC/SPCC-3.2mm,1.3,1500,3000,3,2836,3152,3600,48000,0.5,O2,0.6,1,0,1,150,0,0,30,1,2,400,0,0.3,10000,3,8,0,500000,1,8,150000,10000,0,3.5,2700,100
7,SS400-1.2x2.4T4.0,เหล็กแผ่นดำ SS400,SPCC-4.5mm,1.2,1220,2440,4,2419,2688,3000,48000,0.6,O2,0.6,1,0,1,150,0,0,30,1,2,700,0,0.5,10000,3,8,0,500000,1,8,150000,10000,0,3.5,2700,100
8,SS400-1.5x3.0T4.0,เหล็กแผ่นดำ SS400,SPCC-4.5mm,1.2,1500,3000,4,3799,4222,3000,48000,0.6,O2,0.6,1,0,1,150,0,0,30,1,2,700,0,0.5,10000,3,8,0,500000,1,8,150000,10000,0,3.5,2700,100
9,SS400-1.2x2.4T4.5,เหล็กแผ่นดำ SS400,SPCC-4.5mm,1.2,1220,2440,4.5,2732,3036,3000,48000,0.6,O2,0.6,1,0,1,150,0,0,30,1,2,700,0,0.5,10000,3,8,0,500000,1,8,150000,10000,0,3.5,2700,100
10,SS400-1.5x3.0T4.5,เหล็กแผ่นดำ SS400,SPCC-4.5mm,1.2,1500,3000,4.5,4266,4740,3000,48000,0.6,O2,0.6,1,0,1,150,0,0,30,1,2,700,0,0.5,10000,3,8,0,500000,1,8,150000,10000,0,3.5,2700,100
11,SS400-1.2x2.4T5.0,เหล็กแผ่นดำ SS400,SS400-6.0mm.,1.3,1220,2440,5,3044,3383,2200,48000,1,O2,0.6,1,0,3,300,0,0,30,1,2,400,0,0.5,10000,3,8,0,500000,1,8,150000,10000,0,3.5,2700,100
12,SS400-1.5x3.0T5.0,เหล็กแผ่นดำ SS400,SS400-6.0mm.,1.3,1500,3000,5,4734,5260,2200,48000,1,O2,0.6,1,0,3,300,0,0,30,1,2,400,0,0.5,10000,3,8,0,500000,1,8,150000,10000,0,3.5,2700,100
13,SS400-1.2x2.4T6.0,เหล็กแผ่นดำ SS400,SS400-6.0mm.,1.3,1220,2440,6,3642,4047,2200,48000,1,O2,0.6,1,0,3,300,0,0,30,1,2,400,0,0.5,10000,3,8,0,500000,1,8,150000,10000,0,3.5,2700,100
14,SS400-1.5x3.0T6.0,เหล็กแผ่นดำ SS400,SS400-6.0mm.,1.3,1500,3000,6,5697,6330,2200,48000,1,O2,0.6,1,0,3,300,0,0,30,1,2,400,0,0.5,10000,3,8,0,500000,1,8,150000,10000,0,3.5,2700,100
15,SS400-1.2x2.4T6.0CP,เหล็กแผ่นดำ SS400,SS400-6.0mm.,1.3,1220,2440,6,5729,6366,2200,48000,1,O2,0.6,1,0,3,300,0,0,30,1,2,400,0,0.5,10000,3,8,0,500000,1,8,150000,10000,0,3.5,2700,100
16,SS400-1.2x2.4T8.0,เหล็กแผ่นดำ SS400,SS400-9.0mm.,1.3,1220,2440,8,4865,5406,1500,48000,8,O2,0.6,2,1,1.5,70,1,0.5,30,1,2,60,1,0.5,10000,3,8,0,500000,1,8,150000,10000,0,3.5,2700,100
17,SS400-1.2x2.4T9.0,เหล็กแผ่นดำ SS400,SS400-9.0mm.,1.3,1220,2440,9,5463,6070,1500,48000,8,O2,0.6,2,1,1.5,70,1,0.5,30,1,2,60,1,0.5,10000,3,8,0,500000,1,8,150000,10000,0,3.5,2700,100
18,SS400-1.2x2.4T10.0,เหล็กแผ่นดำ SS400,SS400-12.0mm.,1.3,1220,2440,10,7659,8510,1100,48000,9,O2,0.6,2,1,1.5,70,1,0.5,30,1,2,60,1,1,10000,3,8,0,500000,1,8,150000,10000,0,3.5,2700,100
19,SS400-1.5x3.0T10.0,เหล็กแผ่นดำ SS400,SS400-12.0mm.,1.3,1500,3000,10,9494,10549,1100,48000,9,O2,0.6,2,1,1.5,70,1,0.5,30,1,2,60,1,1,10000,3,8,0,500000,1,8,150000,10000,0,3.5,2700,100
20,SS400-1.2x2.4T12.0,เหล็กแผ่นดำ SS400,SS400-12.0mm.,1.3,1220,2440,12,9190,10212,1100,48000,9,O2,0.6,2,1,1.5,70,1,0.5,30,1,2,60,1,1,10000,3,8,0,500000,1,8,150000,10000,0,3.5,2700,100
21,SS400-1.5x3.0T12.0,เหล็กแผ่นดำ SS400,SS400-12.0mm.,1.3,1500,3000,12,11437,12708,1100,48000,9,O2,0.6,2,1,1.5,70,1,0.5,30,1,2,60,1,1,10000,3,8,0,500000,1,8,150000,10000,0,3.5,2700,100
22,SS400-1.2x2.4T15.0,เหล็กแผ่นดำ SS400,SS400-16.0mm.,1.3,1220,2440,15,9532,10592,800,48000,12,O2,0.6,2,1,1.5,50,1,0.5,30,1,3,70,1.5,1,10000,3,8,0,500000,1,8,150000,10000,0,3.5,2700,100
23,SS400-1.5x3.0T15.0,เหล็กแผ่นดำ SS400,SS400-16.0mm.,1.3,1500,3000,15,14898,16554,800,48000,12,O2,0.6,2,1,1.5,50,1,0.5,30,1,3,70,1.5,1,10000,3,8,0,500000,1,8,150000,10000,0,3.5,2700,100
24,SS400-1.2x2.4T16.0,เหล็กแผ่นดำ SS400,SS400-16.0mm.,1.3,1220,2440,16,10160,11289,800,48000,12,O2,0.6,2,1,1.5,50,1,0.5,30,1,3,70,1.5,1,10000,3,8,0,500000,1,8,150000,10000,0,3.5,2700,100
25,SS400-1.2x2.4T20.0,เหล็กแผ่นดำ SS400,SS400-20.0mm.,1.3,1220,2440,20,12719,14113,700,48000,15,O2,0.6,2,1,2,30,2,0.5,30,1,3,40,1.5,1,10000,3,8,0,500000,1,8,150000,10000,0,3.5,2700,100
26,SECC-1.2x2.4T0.5,เหล็กแผ่นซุปซิ๊งค์ SECC,SPCC-0.5mm,1.3,1220,2440,0.5,401,446,8000,48000,0.1,O2,6,1.7,0,4,100,0,1,30,0,2,200,0,0.5,10000,3,8,0,500000,1,8,150000,10000,0,3.5,2700,100
27,SECC-1.2x2.4T0.8,เหล็กแผ่นซุปซิ๊งค์ SECC,SPCC-0.8mm,1.3,1220,2440,0.8,630,700,6000,48000,0.1,O2,6,1.7,0,4,100,0,1,30,0,2,200,0,0.5,10000,3,8,0,500000,1,8,150000,10000,0,3.5,2700,100
28,SECC-1.2x2.4T1.0,เหล็กแผ่นซุปซิ๊งค์ SECC,SECC/SPCC-1.0mm,1.3,1220,2440,1,779,866,7000,48000,0.2,O2,3.5,1,0,4,100,0,1,30,0,2,300,0,0.5,10000,3,8,0,500000,1,8,150000,10000,0,3.5,2700,100
29,SECC-1.2x2.4T1.2,เหล็กแผ่นซุปซิ๊งค์ SECC,SECC/SPCC-1.2mm,1.3,1220,2440,1.2,939,1044,5300,48000,0.3,O2,3.5,1,1,0.5,300,0,0,30,1,2,500,0,0.3,10000,3,8,0,500000,1,8,150000,10000,0,3.5,2700,100
30,SECC-1.2x2.4T1.5,เหล็กแผ่นซุปซิ๊งค์ SECC,SECC/SPCC-1.6mm,1.3,1220,2440,1.5,1174,1305,5000,48000,0.3,O2,3.5,1,0,0.5,300,0,0,30,1,2,500,0,0.3,10000,3,8,0,500000,1,8,150000,10000,0,3.5,2700,100
31,SECC-1.2x2.4T2.0,เหล็กแผ่นซุปซิ๊งค์ SECC,SECC/SPCC-2.0mm,1.3,1220,2440,2,1558,1732,4500,48000,0.4,O2,3.5,1,0,1,200,0,0,30,1,2,350,0,0.3,10000,3,8,0,500000,1,8,150000,10000,0,3.5,2700,100
32,SECC-1.2x2.4T3.0,เหล็กแผ่นซุปซิ๊งค์ SECC,SECC/SPCC-3.2mm,1.3,1220,2440,3,3625,4028,3600,48000,0.5,O2,0.6,1,0,1,150,0,0,30,1,2,400,0,0.3,10000,3,8,0,500000,1,8,150000,10000,0,3.5,2700,100
33,SECC-1.2x2.4T2.0CP,เหล็กแผ่นซุปซิ๊งค์ SECC,SECC/SPCC-2.0mm,1.3,1220,2440,2,1991,2213,4500,48000,0.4,O2,3.5,1,0,1,200,0,0,30,1,2,350,0,0.3,10000,3,8,0,500000,1,8,150000,10000,0,3.5,2700,100
34,SECC-1.2x2.4T3.0CP,เหล็กแผ่นซุปซิ๊งค์ SECC,SECC/SPCC-3.2mm,1.3,1220,2440,3,2805,3117,3600,48000,0.5,O2,0.6,1,0,1,150,0,0,30,1,2,400,0,0.3,10000,3,8,0,500000,1,8,150000,10000,0,3.5,2700,100
35,SECC-1.2x2.4T0.9SP,เหล็กแผ่นซุปซิ๊งค์ SECC,SECC/SPCC-1.0mm,1.3,1220,2440,0.9,530,589,7000,48000,0.2,O2,3.5,1,0,4,100,0,1,30,0,2,300,0,0.5,10000,3,8,0,500000,1,8,150000,10000,0,3.5,2700,100
36,SECC-1.2x2.4T1.0SP,เหล็กแผ่นซุปซิ๊งค์ SECC,SECC/SPCC-1.0mm,1.3,1220,2440,1,571,635,7000,48000,0.2,O2,3.5,1,0,4,100,0,1,30,0,2,300,0,0.5,10000,3,8,0,500000,1,8,150000,10000,0,3.5,2700,100
37,SECC-1.2x2.4T1.0F,เหล็กแผ่นซุปซิ๊งค์ SECC,SECC/SPCC-1.0mm,1.3,1220,2440,1,1221,1357,7000,48000,0.2,O2,3.5,1,0,4,100,0,1,30,0,2,300,0,0.5,10000,3,8,0,500000,1,8,150000,10000,0,3.5,2700,100
38,SUS3042B-1.2x2.4T0.8,แผ่นสแตนเลส SUS 304 2B,SUS-0.8mm.,1.8,1220,2440,0.8,1700,1889,8000,48000,0.1,N2H,8,1.7,0,3,300,0,0,30,0,2,300,0,0.5,10000,3,8,0,500000,1,8,150000,10000,0,3.5,2700,100
39,SUS3042B-1.2x2.4T1.0,แผ่นสแตนเลส SUS 304 2B,SUS-1.0mm.,1.8,1220,2440,1,1850,2056,7500,48000,0.1,N2H,8,1.7,0,3,300,0,0,30,0,2,300,0,0.5,10000,3,8,0,500000,1,8,150000,10000,0,3.5,2700,100
40,SUS3042B-1.5x3.05T1.0,แผ่นสแตนเลส SUS 304 2B,SUS-1.0mm.,1.8,1500,3000,1,3200,3556,7500,48000,0.1,N2H,8,1.7,0,3,300,0,0,30,0,2,300,0,0.5,10000,3,8,0,500000,1,8,150000,10000,0,3.5,2700,100
41,SUS3042B-1.22x2.44T1.2,แผ่นสแตนเลส SUS 304 2B,SUS-1.5mm.,1.8,1220,2440,1.2,2300,2556,5500,48000,0.1,N2H,8,1.7,0,3,300,0,0,30,0,2,300,0,0.5,10000,3,8,0,500000,1,8,150000,10000,0,3.5,2700,100
42,SUS3042B-1.2x3.0T1.2,แผ่นสแตนเลส SUS 304 2B,SUS-1.5mm.,1.8,1200,3000,1.2,3200,3556,5500,48000,0.1,N2H,8,1.7,0,3,300,0,0,30,0,2,300,0,0.5,10000,3,8,0,500000,1,8,150000,10000,0,3.5,2700,100
43,SUS3042B-1.5x3.0T1.2,แผ่นสแตนเลส SUS 304 2B,SUS-1.5mm.,1.8,1500,3000,1.2,3600,4000,5500,48000,0.1,N2H,8,1.7,0,3,300,0,0,30,0,2,300,0,0.5,10000,3,8,0,500000,1,8,150000,10000,0,3.5,2700,100
44,SUS3042B-1.22x2.44T1.5,แผ่นสแตนเลส SUS 304 2B,SUS-1.5mm.,1.8,1220,2440,1.5,2700,3000,5500,48000,0.1,N2H,8,1.7,0,3,300,0,0,30,0,2,300,0,0.5,10000,3,8,0,500000,1,8,150000,10000,0,3.5,2700,100
45,SUS3042B-1.2x3.05T1.5,แผ่นสแตนเลส SUS 304 2B,SUS-1.5mm.,1.8,1200,3000,1.5,3600,4000,5500,48000,0.1,N2H,8,1.7,0,3,300,0,0,30,0,2,300,0,0.5,10000,3,8,0,500000,1,8,150000,10000,0,3.5,2700,100
46,SUS3042B-1.5x3.05T1.5,แผ่นสแตนเลส SUS 304 2B,SUS-1.5mm.,1.8,1500,3000,1.5,4300,4778,5500,48000,0.1,N2H,8,1.7,0,3,300,0,0,30,0,2,300,0,0.5,10000,3,8,0,500000,1,8,150000,10000,0,3.5,2700,100
47,SUS3162B-1.2x2.4T1.5,แผ่นสแตนเลส SUS 316 2B,SUS-1.5mm.,1.8,1220,2440,1.5,7000,7778,5500,48000,0.1,N2H,8,1.7,0,3,300,0,0,30,0,2,300,0,0.5,10000,3,8,0,500000,1,8,150000,10000,0,3.5,2700,100
48,SUS3162B-1.5x3.0T1.5,แผ่นสแตนเลส SUS 316 2B,SUS-1.5mm.,1.8,1500,3000,1.5,10800,12000,5500,48000,0.1,N2H,8,1.7,0,3,300,0,0,30,0,2,300,0,0.5,10000,3,8,0,500000,1,8,150000,10000,0,3.5,2700,100
49,SUS3042B-1.22x2.4T2.0,แผ่นสแตนเลส SUS 304 2B,SUS-2.0mm.,1.8,1220,2440,2,3500,3889,4500,48000,0.1,N2H,12,1.7,0,3,300,0,0,30,0,2,300,0,0.5,10000,3,8,0,500000,1,8,150000,10000,0,3.5,2700,100
50,SUS3042B-1.5x3.0T2.0,แผ่นสแตนเลส SUS 304 2B,SUS-2.0mm.,1.8,1500,3000,2,5600,6223,4500,48000,0.1,N2H,12,1.7,0,3,300,0,0,30,0,2,300,0,0.5,10000,3,8,0,500000,1,8,150000,10000,0,3.5,2700,100
51,SUS3042B-1.2x2.4T3.0,แผ่นสแตนเลส SUS 304 2B,SUS-3.0mm.,1.8,1220,2440,3,5700,6334,3000,48000,0.1,N2H,14,1.7,0,3,300,0,0,30,1,2,300,0,0.5,10000,3,8,0,500000,1,8,150000,10000,0,3.5,2700,100
52,SUS3042B-1.2x3.0T3.0,แผ่นสแตนเลส SUS 304 2B,SUS-3.0mm.,1.8,1200,3000,3,7800,8667,3000,48000,0.1,N2H,14,1.7,0,3,300,0,0,30,1,2,300,0,0.5,10000,3,8,0,500000,1,8,150000,10000,0,3.5,2700,100
53,SUS3042B-1.5x3.0T3.0,แผ่นสแตนเลส SUS 304 2B,SUS-3.0mm.,1.8,1500,3000,3,8500,9445,3000,48000,0.1,N2H,14,1.7,0,3,300,0,0,30,1,2,300,0,0.5,10000,3,8,0,500000,1,8,150000,10000,0,3.5,2700,100
54,SUS3042B-1.2x2.4T4.0,แผ่นสแตนเลส SUS 304 2B,SUS-4.0mm.,1.8,1220,2440,4,9900,11000,1800,48000,0.3,N2H,10,2.5,1,0.5,150,0,0,30,1,3,200,0,0.5,10000,3,8,0,500000,1,8,150000,10000,0,3.5,2700,100
55,SUS3042B-1.2x2.4T5.0,แผ่นสแตนเลส SUS 304 2B,SUS-5.0mm.,1.8,1220,2440,5,14500,16112,1400,48000,0.5,N2H,11,2.5,1,1,300,0,0.3,30,1,3,200,0,0.5,10000,3,8,0,500000,1,8,150000,10000,0,3.5,2700,100
56,SUS304N1-1.2x2.4T5.0,แผ่นสแตนเลส SUS 304 No.1,SUS-5.0mm.,1.8,1220,2440,5,8900,9889,1400,48000,0.5,N2H,11,2.5,1,1,300,0,0.3,30,1,3,200,0,0.5,10000,3,8,0,500000,1,8,150000,10000,0,3.5,2700,100
57,SUS3042B-1.5x3.0T5.0,แผ่นสแตนเลส SUS 304 2B,SUS-5.0mm.,1.8,1500,3000,5,21600,24000,1400,48000,0.5,N2H,11,2.5,1,1,300,0,0.3,30,1,3,200,0,0.5,10000,3,8,0,500000,1,8,150000,10000,0,3.5,2700,100
58,SUS304N1-1.2x2.4T6.0,แผ่นสแตนเลส SUS 304 No.1,SUS-6.0mm.,1.8,1220,2440,6,12000,13334,1000,48000,0.5,N2H,12,2.5,1,1,300,0,0.3,30,1,3,200,0,0.5,10000,3,8,0,500000,1,8,150000,10000,0,3.5,2700,100
59,SUS3042B-1.2x2.4T6.0,แผ่นสแตนเลส SUS 304 2B,SUS-6.0mm.,1.8,1220,2440,6,15300,17000,1000,48000,0.5,N2H,12,2.5,1,1,300,0,0.3,30,1,3,200,0,0.5,10000,3,8,0,500000,1,8,150000,10000,0,3.5,2700,100
60,SUS304N1-1.2x2.4T8.0,แผ่นสแตนเลส SUS 304 No.1,SUS-8.0mm.,1.8,1220,2440,8,15100,16778,550,48000,0.5,N2H,14,3,1,1.5,150,0,0.3,30,1,8,150,0,1,10000,3,8,0,500000,1,8,150000,10000,0,3.5,2700,100
61,SUS304N1-1.2x2.4T9.0,แผ่นสแตนเลส SUS 304 No.1,SUS-10.0mm.,1.8,1220,2440,9,16900,18778,450,48000,0.5,N2H,14,3,1,1.5,150,0,0.3,30,1,8,150,0,1,10000,3,8,0,500000,1,8,150000,10000,0,3.5,2700,100
62,SUS304N1-1.2x2.4T10.0,แผ่นสแตนเลส SUS 304 No.1,SUS-10.0mm.,1.8,1220,2440,10,19100,21223,450,48000,0.5,N2H,14,3,1,1.5,150,0,0.3,30,1,8,150,0,1,10000,3,8,0,500000,1,8,150000,10000,0,3.5,2700,100
63,SUS304N1-1.2x2.4T12.0,แผ่นสแตนเลส SUS 304 No.1,SUS-10.0mm.,1.8,1220,2440,12,22800,25334,450,48000,0.5,N2H,14,3,1,1.5,150,0,0.3,30,1,8,150,0,1,10000,3,8,0,500000,1,8,150000,10000,0,3.5,2700,100
64,SUS304MR-1.2x2.4T0.5,แผ่นสแตนเลสมิลเลอร์ SUS 304,SUS-0.5mm.,1.8,1220,2440,0.5,1990,2212,10000,48000,0.1,N2H,8,1.7,0,3,300,0,0,30,0,2,300,0,0.5,10000,3,8,0,500000,1,8,150000,10000,0,3.5,2700,100
65,SUS304MR-1.2x2.4T0.7,แผ่นสแตนเลสมิลเลอร์ SUS 304,SUS-0.8mm.,1.8,1220,2440,0.7,2300,2556,8000,48000,0.1,N2H,8,1.7,0,3,300,0,0,30,0,2,300,0,0.5,10000,3,8,0,500000,1,8,150000,10000,0,3.5,2700,100
66,SUS304MR-1.2x2.4T0.8,แผ่นสแตนเลสมิลเลอร์ SUS 304,SUS-0.8mm.,1.8,1220,2440,0.8,2600,2889,8000,48000,0.1,N2H,8,1.7,0,3,300,0,0,30,0,2,300,0,0.5,10000,3,8,0,500000,1,8,150000,10000,0,3.5,2700,100
67,SUS304MR-1.2x2.4T1.0,แผ่นสแตนเลสมิลเลอร์ SUS 304,SUS-1.0mm.,1.8,1220,2440,1,3300,3667,7500,48000,0.1,N2H,8,1.7,0,3,300,0,0,30,0,2,300,0,0.5,10000,3,8,0,500000,1,8,150000,10000,0,3.5,2700,100
68,SUS304MR-1.5x3.0T1.0,แผ่นสแตนเลสมิลเลอร์ SUS 304,SUS-1.0mm.,1.8,1500,3000,1,5000,5556,7500,48000,0.1,N2H,8,1.7,0,3,300,0,0,30,0,2,300,0,0.5,10000,3,8,0,500000,1,8,150000,10000,0,3.5,2700,100
69,SUS304MR-1.2x2.4T1.2,แผ่นสแตนเลสมิลเลอร์ SUS 304,SUS-1.5mm.,1.8,1220,2440,1.2,3500,3889,5500,48000,0.1,N2H,8,1.7,0,3,300,0,0,30,0,2,300,0,0.5,10000,3,8,0,500000,1,8,150000,10000,0,3.5,2700,100
70,SUS304MR-1.2x3.0T1.2,แผ่นสแตนเลสมิลเลอร์ SUS 304,SUS-1.5mm.,1.8,1200,3000,1.2,4200,4667,5500,48000,0.1,N2H,8,1.7,0,3,300,0,0,30,0,2,300,0,0.5,10000,3,8,0,500000,1,8,150000,10000,0,3.5,2700,100
71,SUS304MR-1.5x3.0T1.2,แผ่นสแตนเลสมิลเลอร์ SUS 304,SUS-1.5mm.,1.8,1500,3000,1.2,5100,5667,5500,48000,0.1,N2H,8,1.7,0,3,300,0,0,30,0,2,300,0,0.5,10000,3,8,0,500000,1,8,150000,10000,0,3.5,2700,100
72,SUS304MR-1.2x2.4T1.5,แผ่นสแตนเลสมิลเลอร์ SUS 304,SUS-1.5mm.,1.8,1220,2440,1.5,3600,4000,5500,48000,0.1,N2H,8,1.7,0,3,300,0,0,30,0,2,300,0,0.5,10000,3,8,0,500000,1,8,150000,10000,0,3.5,2700,100
73,SUS304MR-1.2x3.0T1.5,แผ่นสแตนเลสมิลเลอร์ SUS 304,SUS-1.5mm.,1.8,1200,3000,1.5,4500,5000,5500,48000,0.1,N2H,8,1.7,0,3,300,0,0,30,0,2,300,0,0.5,10000,3,8,0,500000,1,8,150000,10000,0,3.5,2700,100
74,SUS304MR-1.5x3.0T1.5,แผ่นสแตนเลสมิลเลอร์ SUS 304,SUS-1.5mm.,1.8,1500,3000,1.5,6200,6889,5500,48000,0.1,N2H,8,1.7,0,3,300,0,0,30,0,2,300,0,0.5,10000,3,8,0,500000,1,8,150000,10000,0,3.5,2700,100
75,SUS304MR-1.2x2.4T2.0,แผ่นสแตนเลสมิลเลอร์ SUS 304,SUS-2.0mm.,1.8,1220,2440,2,4500,5000,4500,48000,0.1,N2H,12,1.7,0,3,300,0,0,30,0,2,300,0,0.5,10000,3,8,0,500000,1,8,150000,10000,0,3.5,2700,100
76,SUS304MR-1.2x3.0T2.0,แผ่นสแตนเลสมิลเลอร์ SUS 304,SUS-2.0mm.,1.8,1200,3000,2,5200,5778,4500,48000,0.1,N2H,12,1.7,0,3,300,0,0,30,0,2,300,0,0.5,10000,3,8,0,500000,1,8,150000,10000,0,3.5,2700,100
77,SUS304MR-1.5x3.0T2.0,แผ่นสแตนเลสมิลเลอร์ SUS 304,SUS-2.0mm.,1.8,1500,3000,2,7100,7889,4500,48000,0.1,N2H,12,1.7,0,3,300,0,0,30,0,2,300,0,0.5,10000,3,8,0,500000,1,8,150000,10000,0,3.5,2700,100
78,SUS304MR-1.2x2.4T3.0,แผ่นสแตนเลสมิลเลอร์ SUS 304,SUS-3.0mm.,1.8,1220,2440,3,6300,7000,3000,48000,0.1,N2H,14,1.7,0,3,300,0,0,30,1,2,300,0,0.5,10000,3,8,0,500000,1,8,150000,10000,0,3.5,2700,100
79,SUS304MR-1.2x3.0T3.0,แผ่นสแตนเลสมิลเลอร์ SUS 304,SUS-3.0mm.,1.8,1200,3000,3,10000,11112,3000,48000,0.1,N2H,14,1.7,0,3,300,0,0,30,1,2,300,0,0.5,10000,3,8,0,500000,1,8,150000,10000,0,3.5,2700,100
80,SUS304MR-1.5x3.0T4.0,แผ่นสแตนเลสมิลเลอร์ SUS 304,SUS-4.0mm.,1.8,1500,3000,4,21700,24112,1800,48000,0.3,N2H,10,2.5,1,0.5,150,0,0,30,1,3,200,0,0.5,10000,3,8,0,500000,1,8,150000,10000,0,3.5,2700,100
81,SUS304MR-1.2x2.4T5.0,แผ่นสแตนเลสมิลเลอร์ SUS 304,SUS-5.0mm.,1.8,1220,2440,5,16900,18778,1400,48000,0.5,N2H,11,2.5,1,1,300,0,0.3,30,1,3,200,0,0.5,10000,3,8,0,500000,1,8,150000,10000,0,3.5,2700,100
82,SUS304HL-1.2x2.4T0.7,แผ่นสแตนเลส SUS 304 HL,SUS-0.8mm.,1.8,1220,2440,0.7,1700,1889,8000,48000,0.1,N2H,8,1.7,0,3,300,0,0,30,0,2,300,0,0.5,10000,3,8,0,500000,1,8,150000,10000,0,3.5,2700,100
83,SUS304HL-1.2x2.4T0.8,แผ่นสแตนเลส SUS 304 HL,SUS-0.8mm.,1.8,1220,2440,0.8,1900,2112,8000,48000,0.1,N2H,8,1.7,0,3,300,0,0,30,0,2,300,0,0.5,10000,3,8,0,500000,1,8,150000,10000,0,3.5,2700,100
84,SUS304HL-1.2x2.4T1.0,แผ่นสแตนเลส SUS 304 HL,SUS-1.0mm.,1.8,1220,2440,1,2100,2334,7500,48000,0.1,N2H,8,1.7,0,3,300,0,0,30,0,2,300,0,0.5,10000,3,8,0,500000,1,8,150000,10000,0,3.5,2700,100
85,SUS304HL-1.2x2.4T1.2,แผ่นสแตนเลส SUS 304 HL,SUS-1.5mm.,1.8,1220,2440,1.2,2450,2723,5500,48000,0.1,N2H,8,1.7,0,3,300,0,0,30,0,2,300,0,0.5,10000,3,8,0,500000,1,8,150000,10000,0,3.5,2700,100
86,SUS304HL-1.2x3.0T1.2,แผ่นสแตนเลส SUS 304 HL,SUS-1.5mm.,1.8,1200,3000,1.2,3000,3334,5500,48000,0.1,N2H,8,1.7,0,3,300,0,0,30,0,2,300,0,0.5,10000,3,8,0,500000,1,8,150000,10000,0,3.5,2700,100
87,SUS304HL-1.5x3.0T1.2,แผ่นสแตนเลส SUS 304 HL,SUS-1.5mm.,1.8,1500,3000,1.2,4300,4778,5500,48000,0.1,N2H,8,1.7,0,3,300,0,0,30,0,2,300,0,0.5,10000,3,8,0,500000,1,8,150000,10000,0,3.5,2700,100
88,SUS304HL-1.2x2.4T1.5,แผ่นสแตนเลส SUS 304 HL,SUS-1.5mm.,1.8,1220,2440,1.5,2950,3278,5500,48000,0.1,N2H,8,1.7,0,3,300,0,0,30,0,2,300,0,0.5,10000,3,8,0,500000,1,8,150000,10000,0,3.5,2700,100
89,SUS304HL-1.2x3.0T1.5,แผ่นสแตนเลส SUS 304 HL,SUS-1.5mm.,1.8,1200,3000,1.5,3600,4000,5500,48000,0.1,N2H,8,1.7,0,3,300,0,0,30,0,2,300,0,0.5,10000,3,8,0,500000,1,8,150000,10000,0,3.5,2700,100
90,SUS304HL-1.5x3.0T1.5,แผ่นสแตนเลส SUS 304 HL,SUS-1.5mm.,1.8,1500,3000,1.5,5400,6000,5500,48000,0.1,N2H,8,1.7,0,3,300,0,0,30,0,2,300,0,0.5,10000,3,8,0,500000,1,8,150000,10000,0,3.5,2700,100
91,SUS304HL-1.2x2.4T2.0,แผ่นสแตนเลส SUS 304 HL,SUS-2.0mm.,1.8,1220,2440,2,3700,4112,4500,48000,0.1,N2H,12,1.7,0,3,300,0,0,30,0,2,300,0,0.5,10000,3,8,0,500000,1,8,150000,10000,0,3.5,2700,100
92,SUS304HL-1.2x3.0T2.0,แผ่นสแตนเลส SUS 304 HL,SUS-2.0mm.,1.8,1200,3000,2,5200,5778,4500,48000,0.1,N2H,12,1.7,0,3,300,0,0,30,0,2,300,0,0.5,10000,3,8,0,500000,1,8,150000,10000,0,3.5,2700,100
93,SUS304HL-1.5x3.0T2.0,แผ่นสแตนเลส SUS 304 HL,SUS-2.0mm.,1.8,1500,3000,2,6600,7334,4500,48000,0.1,N2H,12,1.7,0,3,300,0,0,30,0,2,300,0,0.5,10000,3,8,0,500000,1,8,150000,10000,0,3.5,2700,100
94,SUS304HL-1.2x2.4T3.0,แผ่นสแตนเลส SUS 304 HL,SUS-3.0mm.,1.8,1220,2440,3,5900,6556,3000,48000,0.1,N2H,14,1.7,0,3,300,0,0,30,1,2,300,0,0.5,10000,3,8,0,500000,1,8,150000,10000,0,3.5,2700,100
95,SUS304HL-1.5x3.0T3.0,แผ่นสแตนเลส SUS 304 HL,SUS-3.0mm.,1.8,1500,3000,3,9800,10889,3000,48000,0.1,N2H,14,1.7,0,3,300,0,0,30,1,2,300,0,0.5,10000,3,8,0,500000,1,8,150000,10000,0,3.5,2700,100
96,SUS304HL-1.2x2.4T1.0BK,แผ่นสแตนเลส SUS 304 HL NO.85 (แผ่นสี),SUS-1.0mm.,1.8,1220,2440,1,8800,9778,7500,48000,0.1,N2H,8,1.7,0,3,300,0,0,30,0,2,300,0,0.5,10000,3,8,0,500000,1,8,150000,10000,0,3.5,2700,100
97,SUS304HL-1.2x3.0T1.2BK,แผ่นสแตนเลส SUS 304 NO.85 (แผ่นสี),SUS-1.5mm.,1.8,1200,3000,1.2,9000,10000,5500,48000,0.1,N2H,8,1.7,0,3,300,0,0,30,0,2,300,0,0.5,10000,3,8,0,500000,1,8,150000,10000,0,3.5,2700,100
98,SUS304MR-1.2x2.4T1.0G,แผ่นสแตนเลส SUS 304 NO.8 (แผ่นสี),SUS-1.0mm.,1.8,1220,2440,1,6237,6930,7500,48000,0.1,N2H,8,1.7,0,3,300,0,0,30,0,2,300,0,0.5,10000,3,8,0,500000,1,8,150000,10000,0,3.5,2700,100
99,SUS304MR-1.2x2.4T1.2G,แผ่นสแตนเลส SUS 304 NO.8 (แผ่นสี),SUS-1.5mm.,1.8,1220,2440,1.2,7400,8223,5500,48000,0.1,N2H,8,1.7,0,3,300,0,0,30,0,2,300,0,0.5,10000,3,8,0,500000,1,8,150000,10000,0,3.5,2700,100
100,SUS304MR-1.2x3.0T1.2G,แผ่นสแตนเลส SUS 304 NO.8 (แผ่นสี),SUS-1.5mm.,1.8,1200,3000,1.2,9900,11000,5500,48000,0.1,N2H,8,1.7,0,3,300,0,0,30,0,2,300,0,0.5,10000,3,8,0,500000,1,8,150000,10000,0,3.5,2700,100
101,SUS304MR-1.2x2.4T1.2RG,แผ่นสแตนเลส SUS 304 NO.8 (แผ่นสี),SUS-1.5mm.,1.8,1220,2440,1.2,10000,11112,5500,48000,0.1,N2H,8,1.7,0,3,300,0,0,30,0,2,300,0,0.5,10000,3,8,0,500000,1,8,150000,10000,0,3.5,2700,100
102,SUS304MR-1.2x2.4T1.2CPG,แผ่นสแตนเลส SUS 304 NO.8 (แผ่นสี),SUS-1.5mm.,1.8,1220,2440,1.2,11000,12223,5500,48000,0.1,N2H,8,1.7,0,3,300,0,0,30,0,2,300,0,0.5,10000,3,8,0,500000,1,8,150000,10000,0,3.5,2700,100
103,AL1100-1.2x2.4T1.0,แผ่นอลูมิเนียม AL 1100,ALUMINIUM-1.0mm,1.5,1220,2440,1,985,1095,9000,48000,0.1,N2H,8,1.7,0,3,300,0,0,30,1,2,1000,0,0.3,10000,3,8,0,500000,1,8,150000,10000,0,3.5,2700,100
104,AL1100-1.2x2.4T1.2,แผ่นอลูมิเนียม AL 1100,ALUMINIUM-1.5mm,1.5,1220,2440,1.2,1260,1400,7000,48000,0.1,N2H,10,1.7,0,3,300,0,0,30,1,2,1000,0,0.3,10000,3,8,0,500000,1,8,150000,10000,0,3.5,2700,100
105,AL1100-1.2x2.4T1.5,แผ่นอลูมิเนียม AL 1100,ALUMINIUM-1.5mm,1.5,1220,2440,1.5,1500,1667,7000,48000,0.1,N2H,10,1.7,0,3,300,0,0,30,1,2,1000,0,0.3,10000,3,8,0,500000,1,8,150000,10000,0,3.5,2700,100
106,AL1100-1.2x2.4T2.0,แผ่นอลูมิเนียม AL 1100,ALUMINIUM-2.0mm,1.5,1220,2440,2,2150,2389,5000,48000,0.2,N2H,10,1.7,0,3,300,0,0,30,1,2,500,0,0.3,10000,3,8,0,500000,1,8,150000,10000,0,3.5,2700,100
107,AL1100-1.5x3.0T2.0,แผ่นอลูมิเนียม AL 1100,ALUMINIUM-2.0mm,1.5,1500,3000,2,3400,3778,5000,48000,0.2,N2H,10,1.7,0,3,300,0,0,30,1,2,500,0,0.3,10000,3,8,0,500000,1,8,150000,10000,0,3.5,2700,100
108,AL1100-1.2x2.4T3.0,แผ่นอลูมิเนียม AL 1100,ALUMINIUM-3.0mm,1.5,1220,2440,3,3240,3600,3000,48000,0.4,N2H,12,1.7,0,3,300,0,0,30,1,2,500,0,0.5,10000,3,8,0,500000,1,8,150000,10000,0,3.5,2700,100
109,AL1100-1.2x2.4T3.0CP,แผ่นอลูมิเนียม AL 1100,ALUMINIUM-3.0mm,1.5,1220,2440,3,4555,5062,3000,48000,0.4,N2H,12,1.7,0,3,300,0,0,30,1,2,500,0,0.5,10000,3,8,0,500000,1,8,150000,10000,0,3.5,2700,100
110,AL1100-1.2x2.4T4.0,แผ่นอลูมิเนียม AL 1100,ALUMINIUM-4.0mm,1.5,1220,2440,4,4950,5500,1000,48000,1.5,N2H,10,2.5,1,1.5,100,0,0,30,1,3,300,0,0.5,10000,3,8,0,500000,1,8,150000,10000,0,3.5,2700,100
111,AL1100-1.2x2.4T5.0,แผ่นอลูมิเนียม AL 1100,ALUMINIUM-5.0mm,1.5,1220,2440,5,5250,5834,900,48000,1.5,N2H,12,2.5,1,1.5,100,0,0,30,1,3,300,0,0.5,10000,3,8,0,500000,1,8,150000,10000,0,3.5,2700,100
112,AL1100-1.2x2.4T6.0,แผ่นอลูมิเนียม AL 1100,ALUMINIUM-6.0mm,1.5,1220,2440,6,6800,7556,600,48000,4,N2H,12,2.5,1,4,100,0,1,30,1,8,50,0,0.5,10000,3,8,0,500000,1,8,150000,10000,0,3.5,2700,100
113,AL1100-1.2x2.4T10.0,แผ่นอลูมิเนียม AL 1100,ALUMINIUM-8.0mm,1.5,1220,2440,10,18800,20889,450,48000,4,N2H,13,3,1,4,100,0,1,30,1,8,50,0,0.5,10000,3,8,0,500000,1,8,150000,10000,0,3.5,2700,100
114,AL5052-1.2x2.4T2.0,แผ่นอลูมิเนียม AL 5052,ALUMINIUM-2.0mm,1.5,1220,2440,2,3900,4334,5000,48000,0.2,N2H,10,1.7,0,3,300,0,0,30,1,2,500,0,0.3,10000,3,8,0,500000,1,8,150000,10000,0,3.5,2700,100
115,AL5052-1.2x2.4T3.0,แผ่นอลูมิเนียม AL 5052,ALUMINIUM-3.0mm,1.5,1220,2440,3,3400,3778,3000,48000,0.4,N2H,12,1.7,0,3,300,0,0,30,1,2,500,0,0.5,10000,3,8,0,500000,1,8,150000,10000,0,3.5,2700,100
116,AL5083-1.2x2.4T5.0,แผ่นอลูมิเนียม AL 5083,ALUMINIUM-5.0mm,1.5,1220,2440,5,16500,18334,900,48000,1.5,N2H,12,2.5,1,1.5,100,0,0,30,1,3,300,0,0.5,10000,3,8,0,500000,1,8,150000,10000,0,3.5,2700,100
117,AL5083-1.5x3.0T5.0,แผ่นอลูมิเนียม AL 5083,ALUMINIUM-5.0mm,1.5,1500,3000,5,12600,14000,900,48000,1.5,N2H,12,2.5,1,1.5,100,0,0,30,1,3,300,0,0.5,10000,3,8,0,500000,1,8,150000,10000,0,3.5,2700,100
118,AL5083-1.2x2.4T8.0,แผ่นอลูมิเนียม AL 5083,ALUMINIUM-8.0mm,1.5,1220,2440,8,13250,14723,450,48000,4,N2H,13,3,1,4,100,0,1,30,1,8,50,0,0.5,10000,3,8,0,500000,1,8,150000,10000,0,3.5,2700,100
119,AL5083-1.2x2.4T9.0,แผ่นอลูมิเนียม AL 5083,ALUMINIUM-8.0mm,1.5,1220,2440,9,18800,20889,450,48000,4,N2H,13,3,1,4,100,0,1,30,1,8,50,0,0.5,10000,3,8,0,500000,1,8,150000,10000,0,3.5,2700,100
120,BRASS-1.2x2.4T0.8,แผ่นทองเหลือง,SUS-0.8mm.,1.8,1220,2440,0.8,8000,8889,8000,48000,0.1,N2H,8,1.7,0,3,300,0,0,30,0,2,300,0,0.5,10000,3,8,0,500000,1,8,150000,10000,0,3.5,2700,100
121,BRASS-1.2x2.4T1.5,แผ่นทองเหลือง,SUS-1.5mm.,1.8,1220,2440,1.5,20400,22667,5500,48000,0.1,N2H,8,1.7,0,3,300,0,0,30,0,2,300,0,0.5,10000,3,8,0,500000,1,8,150000,10000,0,3.5,2700,100
122,BRASS-0.6x1.2T2.0,แผ่นทองเหลือง,SUS-2.0mm.,1.8,600,1200,2,45500,50556,4500,48000,0.1,N2H,12,1.7,0,3,300,0,0,30,0,2,300,0,0.5,10000,3,8,0,500000,1,8,150000,10000,0,3.5,2700,100
123,BRASS-1.2x2.4T2.0,แผ่นทองเหลือง,SUS-2.0mm.,1.8,1220,2440,2,23000,25556,4500,48000,0.1,N2H,12,1.7,0,3,300,0,0,30,0,2,300,0,0.5,10000,3,8,0,500000,1,8,150000,10000,0,3.5,2700,100
124,BRASS-1.2x2.4T3.0,แผ่นทองเหลือง,SUS-3.0mm.,1.8,1220,2440,3,34000,37778,3000,48000,0.1,N2H,14,1.7,0,3,300,0,0,30,1,2,300,0,0.5,10000,3,8,0,500000,1,8,150000,10000,0,3.5,2700,100
125,BRASS-1.2x2.4T4.5,แผ่นทองเหลือง,SUS-5.0mm.,1.8,1220,2440,4.5,45000,50000,1400,48000,0.5,N2H,11,2.5,1,1,300,0,0.3,30,1,3,200,0,0.5,10000,3,8,0,500000,1,8,150000,10000,0,3.5,2700,100
126,ACR-1.2x2.4T2.0CL,อะคริลิค,ACRYLIC-3mm,2,1220,2440,2,1021,1135,7000,48000,0.1,O2,8,1.7,0,4,100,0,1,30,1,2,1000,0,0.3,10000,3,8,0,500000,1,8,150000,10000,0,3.5,2700,100
127,ACR-1.2x2.4T3.0CL,อะคริลิค,ACRYLIC-3mm,2,1220,2440,3,1360,1512,7000,48000,0.1,O2,8,1.7,0,4,100,0,1,30,1,2,1000,0,0.3,10000,3,8,0,500000,1,8,150000,10000,0,3.5,2700,100
128,ACR-1.2x2.4T3.0MW,อะคริลิค,ACRYLIC-3mmกัดลาย,3,1220,2440,3,1360,1512,12000,48000,0.1,O2,1,1.7,0,4,100,0,1,30,1,2,1000,0,0.3,10000,3,8,0,500000,1,8,150000,10000,0,3.5,2700,100
129,ACR-1.2x2.4T5.0CL,อะคริลิค,ACRYLIC-6mm,2,1220,2440,5,2305,2562,5000,48000,0.1,O2,8,1.7,0,4,100,0,1,30,1,2,1000,0,0.3,10000,3,8,0,500000,1,8,150000,10000,0,3.5,2700,100
130,ACR-1.2x2.4T5.0BK,อะคริลิค,ACRYLIC-6mm,2,1220,2440,5,2405,2673,5000,48000,0.1,O2,8,1.7,0,4,100,0,1,30,1,2,1000,0,0.3,10000,3,8,0,500000,1,8,150000,10000,0,3.5,2700,100
131,ACR-1.2x2.4T6.0BK,อะคริลิค,ACRYLIC-6mm,2,1220,2440,6,2866,3185,5000,48000,0.1,O2,8,1.7,0,4,100,0,1,30,1,2,1000,0,0.3,10000,3,8,0,500000,1,8,150000,10000,0,3.5,2700,100
132,ACR-1.2x2.4T8.0CL,อะคริลิค,ACRYLIC-10mm,2,1220,2440,8,3717,4130,2000,48000,0.1,O2,8,1.7,0,4,100,0,1,30,1,2,1000,0,0.3,10000,3,8,0,500000,1,8,150000,10000,0,3.5,1000,100
133,ACR-1.2x2.4T10.0CL,อะคริลิค,ACRYLIC-10mm,2,1220,2440,10,4647,5164,2000,48000,0.1,O2,8,1.7,0,4,100,0,1,30,1,2,1000,0,0.3,10000,3,8,0,500000,1,8,150000,10000,0,3.5,1000,100
134,ACR-1.2x2.4T10.0BK,อะคริลิค,ACRYLIC-10mm,2,1220,2440,10,4747,5275,2000,48000,0.1,O2,8,1.7,0,4,100,0,1,30,1,2,1000,0,0.3,10000,3,8,0,500000,1,8,150000,10000,0,3.5,1000,100
135,ACR-1.2x2.4T15.0CL,อะคริลิค,ACRYLIC-15mm,2,1220,2440,15,7380,8200,1000,48000,0.1,O2,8,3,0,4,100,0,1,30,1,2,1000,0,0.3,10000,3,8,0,500000,1,8,150000,10000,0,3.5,1000,100
136,ACR-1.2x2.4T20.0CL,อะคริลิค,ACRYLIC-20mm,2,1220,2440,20,9840,10934,800,48000,0.1,O2,8,3,0,4,100,0,1,30,1,2,1000,0,0.3,10000,3,8,0,500000,1,8,150000,10000,0,3.5,1000,100
137,ACR-1.2x2.4T25.0CL,อะคริลิค,ACRYLIC-25mm,2,1220,2440,25,12348,13720,400,48000,0.1,O2,8,3,0,4,100,0,1,30,1,2,1000,0,0.3,10000,3,8,0,500000,1,8,150000,10000,0,3.5,1000,100
